category,total_amount,percentage
Rent,3200.0,91.86163341466916
Food,223.5,6.415960958805798
Entertainment,45.0,1.291804219893785
Transport,15.0,0.4306014066312616
